post_id,op_content
unknown_1,"In its New Year's message, Choi English used the phrase: I want to make Taiwan a united and just society, a government that does not run over people's land with bulldozers; does not use white terror against political opponents; does not provide private access to public resources; and does not control the media with money and political power. And not to sacrifice human rights for short-term benefit..."
unknown_27,Let go of that woman. Let me do it.
unknown_36,I squirt you.
unknown_42,"Answer @ukn: That's when he spoke to his son and said, ""Who is against Zhou Eun and who is not patriotic. Great fool education! / @ukn: Not just teacher education, but the content of books. Language classes are the most hidden and true ideological politics classes."
unknown_52,/ / / @uII5MIV2H: Let's pray for the child// @u02LNVX4J: / @ukn: / /@uonPG1IH2: / @uII5MIV2H: Bring the child home early/ / @ukn: Help him/ / @uWBLDV: Help the poor child / / @uHFOWJQJ: @uM1UHBIL: @uQCZ4VDK: @uAHFOWJJJ: @baby home
unknown_57,Let's get out of here.
unknown_73,"Dragon Counter: You can choose to be an officer, you can choose to earn money, but you can't choose to earn money by being an official; you can choose to play with women, but you can't choose to play with women in politics; you can choose to be a saint or you can choose to be a common man, but you can't choose to make people worship you like a saint and forgive you as a common man. The only thing that wants power is not to be restrained is to be a bully, but to enjoy not to be obliged is a hooligan."
unknown_96,[crazy]/@uKPK1YNGV: [crazy]//@uNEGOIOUP: //@ukn: [crazy]
unknown_98,"[crazy] / @uW0E5E55V: How long can you last on Earth when the cameraman takes the risk of his life, the media doesn't dare to send it?"
unknown_104,Suddenly I wanted to have a big dinner and play and eat.
unknown_106,It's been two months.
unknown_108,We have to turn! [To] [to] [to] [to] [to] [to] [to] [to]] [to] [to] [to] [ to] [ to] [ to] [ to]] [ to] [ to] [ to] [ to] [ to]]
unknown_112,"We need such a president, at least in human words. What do we leave behind after a hundred years? / @uCBTOJUJ0: / / @uZNJUDPC3 : For a hundred years, the road is blue."
unknown_113,Forward!
unknown_132,"The college girls protested to the school: ""Why is the girls' dormitory closed at 10:30 and the boys' dormitory closed at 11:00?"" The Department's answer made them happy to leave: ""Men, of course, it's half an hour late to send you back."""
unknown_135,"/ @uLMIYG4V3: / / @ukn: ""There is something that cannot be monitored: the hearts of the people! If it explodes, it will be unstoppable! Before the break-up of the former Soviet Union, it was said that leaflets had been sent out in the square and the police had come to look at it, but it was just a white paper. The men who had sent the leaflets said, “Everyone knows what it says!”/ @ukn: Everyone knows what it wants to write."
unknown_138,And my sister wants to put herself on the podium.
unknown_142,"Boss, I'll sign up, too. Can I? We used to be powdered."
unknown_167,Zhao Gwang-min!
unknown_183,This is who I know. Come back!
unknown_258,"At the 2012 New Year ' s Eve, President Guo of the Chinese University of Mines (also known as the Secretary-General of Zou) announced the abolition of the hanging system and the adoption of a new system of voluntary multiple examinations for the highest grades as a graduation; in 2012, the University of Mines will install air conditioning in all dormitories to ensure cooling in summer and heating in winter. This record is at http://t.cn/SJ01at. You're still hesitant."
unknown_268,/ @uMSVA2RB: Please forward / / @ukn: forward tweet
unknown_286,http://t.cn/SiA4CD
unknown_350,/ / @ukn: Microblogging
unknown_365,/ / / @uONPD1EMC: / / @uOQLOEMB: / / @uHRVP3UH4: : 桐uLCMKCSS1: / @uPVDJZ4ZS: / / @uSIABEW2F: / / @uVEQLZQLV: / @uLUCK0RF0: / / @uCBTJLQHO: / / @uCBTJLQHO: : Help.
unknown_446,"Digging, 2012 Guo Mei-mi has appeared. Let's see what's coming."
unknown_464,Has he gone?
unknown_491,/ / / / / / / / uPVDLMRKD: Help him! Fujian News Broadcasting fm1036@fm996 Leena @ Quanzhou Volunteers @ 923 @ipunzhou City Voice @ @ipunzhou Pilgrim @Fuzhou Radio Zhuihai Voice @Fuzhou Radio @Fu & @Fu Zhu @day economic news @Anko @Hongji Gate @Yanmen Rain
unknown_499,"""Dakar 2012"" The first day of the 2012 Dakar rally in Beijing, on the night of 1 January, was marked by the tragic death of the Argentine motorcycle rider Jorge Martinez Boero, who had suffered a serious crash. Boero is also the 59th victim of the Dakar rally. Details: http://t.cn/SJdvsF"
unknown_504,@ukn: Hainan Wanning has a big New Year's event?
unknown_533,"http://t.cn/ShgcBg@ukn: @uKB51UAPB: @uB5NO0YEY: Unfreedom, Mother Ning died and the final failure of compromise will be you <LMF Tight Middle Pointer >"
unknown_534,"Mom called and said that Hong Kong's avian flu... Well, anyway, my mother is a vegetarian..."
unknown_566,!!!!!!!!!@uK3RXUYW3： //@u0AGMTTVD：  ！！！！！！！！
unknown_567,/ / @uWYGNJ1J: / / @u1CR4INQN: / @uFADE1IS: / / @uVEQCDHUH: / / @uLMIMOCCQ: Help!
unknown_572,"Doctor, you can be so swollen, you'll die!"
unknown_575,"/ @uB5FIG2D1: / / @uQHCWXMAR: It is hoped that the children will soon find their families / / / / @ukn: hey. Poor baby, poor mother! / @uB5N4NMGN: / / @uMMSVA2RB: Please forward / @ukn: forward microblog"
unknown_588,/ @u105M1NRD: / @uWYNWPGNX: @uQHCCT34: : Rapid forward [Camber] @uWWBLDVAV: : Please help this poor child @uAHFOWJQJ: @uM1UHBIL: @uQHCZ4VDK: @uAHFOWJJJJ: @Baby
unknown_597,/ @uWWBHD4VT: [heart] / @uQHCCT34: Rapid forward [cray] / @uWWBLDVAV: Please help this poor child / / / @uAHFOWJQJ: / @uM1UHBIL: @uQHCZ4VDK: @uAHFOWJJJ: @Baby home
unknown_617,"Qing Dynasty: From the ocean movement to the Qing Dynasty to the Qing Dynasty New Deal to the constitutional preparations, attempts have been made to reform and, ultimately, to fail. So that, as Luxur said, a fireplace would bleed. People never want revolution, they never call for change. It was the rulers who chose revolution without reform. The “good-bye revolution” is a hypocritical proposition. Because the people have been trying to say goodbye to the revolution. Don't talk to the people about the revolution, have the guts to talk to the queen."
unknown_627,"/ @uPKFLM5YZ: / / @uRS51P1: Forward, poor child."
unknown_628,/ @uGL4TVH40: / / / @ukn: It's open in front of the new party's house. Come and take a look at it. It's a different sale. It's a different meaning.
unknown_635,"/ @uCBTKMY4J: A country that can afford to be challenged and criticized can be strong. But it's killing, killing China, making officials drowsy in China's model's stupor, which is too dangerous, too bad, too bad, too bad, and too bad to be seen. The point is, there's a 24-hour hymn in the media, so I can join the big chorus, and those who question that I do not love China, please listen, I don't want China to go on."
unknown_637,[crazy] [crazy] [crazy] [crazy] [crazy] [crazy]//@ukn: [crazy] [crazy]/@uEMBUALEN: [crazy] [crazy] [crazy] [crazy] [crazy] [crazy] [crazy] [crazy]// @ukn: Whoo-ooh-ooh-ooh-ooh-ooh-ooh-ooh-ooh] [crazy] [crazy]
unknown_641,"Okay, one million, one million, one million, one million, one million, one million, one million, one million, one million, one million, one million, and one million. They're pros, you're amateurs. Break it up."
unknown_649,/ @uWYNWPGNX: / @uQHCCT34: : Quick forward [Camber] @uWWBLDVAV: : Please help this poor child @uAHFOWJQJ: @uM1UHBIL: @uQHCZ4VDK: @uAHFOWJJJJ: @Baby
unknown_652,"In recent days, a grey Odi vehicle, the tail number 529 of which should be restricted, was stopped by a traffic police officer near Tondai Nam Road in Beijing. However, the driver changed the tail number to 520 with a “0” sticker, as a result of which he was found by the traffic police to have been informed that the driver of the Audi vehicle had claimed to be the head of the national communications service. But the traffic cop was so soft, he took care of the driver."
unknown_676,"The telecommunication fraud that the public security has attacked is a swindle, and the three major telecommunication operators are a swindle that you can't discuss. There is nothing wrong with deception, but it leaves you out of it, so they are more cruel and greedy than fraud. Why focus on people's lives without breaking trade monopolies?"
unknown_687,/ / / / / / / [Poor] [Poor] [Poor]
unknown_725,The Tai Chi project for 2012 has begun.
unknown_736,Transmit it to Weibo. / / / @uQHCCT34 / / @uWBLDVAV: Help this poor child / / / / / @uM1UHBIL: @uQHCZ4VDK: @uAHFOWJJJJ: @Baby
unknown_803,It's terrible.
unknown_806,"/ @uPVDM3PB: / / / @uQHCZLPIW: Hu Jintao wrote in Psalms magazine, “We must be sober to see that the forces of international hostility are stepping up their Westernization and splitting strategic designs on our country. We need to be deeply aware of the seriousness and complexity of the struggle in the ideological sphere, with alarms and constant vigilance.”"
unknown_826,"@uWWBG5J2I: What are you talking about? You don't even want to hide? / / / / uWBG5J2I: What's the point of being like the only standard? / uFAOPZVJ: Our generation needs this kind of president, or at least human. What do we leave behind after a hundred years? / @uCBTOJUJ0: / / @uZNJUDPC3 : For a hundred years, the road is blue."
unknown_841,"The price of growth is often bloody. Oh, that's right."
unknown_843,Many sisters told me they wanted a divorce.
unknown_856,"It has been reported that there is a serious lack of money on the railways' booking network — as I said earlier, a monopoly like the railways department would eventually become more and more retarded. Reiteration of my point in The New Word of Water — absolute power without intelligence. The long-term absence of intelligence necessarily leads to mental retardation. - So tyrants are also often unconscious."
unknown_860,"As I said in The New Word of Water, Yin Tin-sik rejected the way in which the wood went, and ultimately only LEE-sik was chosen. Yin Tin Tin's way of going down is that of absolute power. Because absolute power will never allow others to separate its interests, it always shouts, ""Unless you kill me!"" - Finally, people had to kill it."
unknown_865,"[#City of #] At 19 a.m. full of party love, please look at this. This year ' s spring shipment started on 8 January, but just into 2012, a large number of passengers gathered outside the ticket hall at the Sian railway station to line up for tickets. There are two new forms of online ticket sales and telephone appointments this year, although we still have to go to the window to get tickets. For them, the train ticket is homey and warm. (Photo author: Xinhua News)"
unknown_884,@uK3RXUYW3: @ukn: @uQSMQTXO: @BOICE yeeman
unknown_890,"/ @uY020PLGK: [Disappointment] / / @ukn: Be careful, there are many people and little pigs who fear for your safety [Disappointment] / @u3FTEKX5S: [Poor]/ @ukn: [Poor]/ @ukn: [Poor] [Poor]"
unknown_897,"This is a matter of security, and it is also a matter of institutionality that not even the staff will be able to form up for years, including basketball volleyball ping-pong, which is a combination of events. The Chinese specialty is that your mother-in-law only cares about you and keeps you in line. Therefore, it is not possible for the time being to have a real career in China."
unknown_2,Poor kid.
unknown_13,9999
unknown_23,"Lonely, lonely, lonely!"
unknown_24,"According to China's official thinking, popular demonstrations are a challenge to the current system and undermine the image of the socialist State, and the example of flowers reflects a critical shift in Guangdong's “stable” thinking. Compared to the original belief in “resistence and security”, Guangdong is exploring the possibility of “flexible stability”, i.e. the existence of civic games and the stability of overt interests. The Government was not directly involved in the dispute, but rather acted as the guardian of order."
unknown_31,"The more you talk, the less you do it."
unknown_40,"The UNAM programme of meetings has been informed by Secretary-General Kang that Shen Yang Bong is going to go together and that everything is ready. We look forward to Beijing gathering. / @uMSDDWD00: Reply @uQZ0QI5P5: Everything is ready, only East Wind."
unknown_42,"[thinking] / / @uB5FIENYC: I'm in a rather complex mood, and why would a logistics operator with so many large representatives (including the leaders of some associations and the heads of well-known logistics companies) dare not reveal it, but a “non-logist” like yellow flowers dare to reveal... why?/ / @ukn: This has to turn around."
unknown_46,"I must admit, Liu Yu Xin is still beautiful! All these years, big tits are the way! If you want MMs full of charisma, and you don't want to risk it, pick the red papaya soup in Korean, and hold on to the 99-dollar time-limit: http://t.cn/SjeUKl"
unknown_61,"Forward the notification. Tonight, Sobear's last big party! When you're sitting next to someone you like, don't forget to meet him! [heart] [kid] No tickets tonight."
unknown_81,/ @uVGJCI5M1: / @u1CIU1BFG: / / @uVEQV2JAW: : Grid one!
unknown_84,"@ukn: Say: @uhn: @uHQYAJLN: @Chang Chun I'm from Suzhou to Xi'an, trying to buy a train ticket five days early, how to get to the train station, showing only two days in advance, and my cousin buying tickets in Kunshan, who said, ""What's going on?"
unknown_88,Can you still sleep when you see this?
unknown_90,"@ukn: / @ukn: / @ukn: / / @uGL4SW4DU: Thank you, Ett, right. @uMLLVRWAQ: @u5KYQNUSA: @ukn: / @ukn: @Nature is coming back Fan."
unknown_101,"Friends, turn around! Maybe we can help him find his family!"
unknown_104,"Two points of basic information: No. 1, according to the man, the two men were divorced by agreement on 18 November 2011. See http://t.cn/SJkQhZ, which is important at this point of time; and No. 2, as in the case of self-inflicted hysteria carried out on 25 November, which lasted for 30 seconds (according to the woman's Beijing video, the scarve, sister knocks on the door, the noose, the noose, the suffocation, etc.), should there be bruises on the neck? Can the traces disappear after nine days? Please see @u3FTVKAGK: Teachers teach."
unknown_111,"/ / / uPA3MF0VE: While it is not possible to blame the business entirely, Mr. Guo Tai Chong has recently taken a private plane to run for the Ma Ying 9 station, worried for Fuscang that, in the view of the former Taiwan entrepreneurs, excessive participation in politics would ultimately be a negative downside. The situation is similar in the mainland, and it is hoped that Mr. Guo will focus on solving the problem of employees, corporate and political."
unknown_113,Everybody help him.
unknown_126,"@ukn: There's no detailed institutional rule in this area, so these two-bits can't be so cocky that you can't kill you?"
unknown_131,@uRUGXTZJ: [Tears] / @uWWBLDVAV: Please help this poor child @uAHFOWJQJ: / @uM1UHBIL: @uQHCZ4VDK: @uAHFOWJQJ: @Baby Home
unknown_137,@ukn: Says: “Beady FO and the truck collided in front of the Mulan Moto factory in the Lenin Creek industrial zone. #Biadi's face is full of casualties. #Biadi's no good #
unknown_140,[Camber]
unknown_156,"There are policies, there are policies. I've got a double-barrel, a new ad. The potential social burden and industry costs of the two “limits” are also of interest to scholars. The Vice-President of the Press Institute of the People's University of China, Mr. Kuo-Ming, stated during the interview that the “limit” was not fair to practitioners and that the effect of the “limitation” on social and cultural advancement was to be seen."
unknown_160,"In today ' s society, rice is no longer used to cooking mature, and even when it turns into popcorn, it runs."
unknown_168,Brush the rabbit's carrot. Come out and pay back sooner or later.
unknown_178,"""I didn't immigrate to Singapore, and I had a long time before I emigrated."" Truth is that I'm not happy with the situation in China. I will always be a yellow descendant, whether I live in any country. Only in a democratic country can you experience the dignity of life, and the law should be equal for all without distinction as to poverty and wealth.” @LiLinger"
unknown_180,[Together] [Ottman]//@uQZ03ET1F: Spread out!// @ukn: [Vitamin] [Sight]/ @ukn: @ukn: @ukn: / / @uKB50PZVR: : [Together] throw! [Sigh] / @ukn: / @uMMSWQN2X: / / @ukn: forward tweet
unknown_198,[sorture]/@uFAHLKU: / @ukn: / / @ukn: / / @uDZT24Q4D: / / /@ukn: / / @uEMB0GYKU: / / @u5KYV1RJ2: Help! Poor little boy!
unknown_204,"/ / @ukn: Knowing that running is the most basic function of rhr, the basic condition for distinguishing between general and superior!"
unknown_229,"On the occasion of the New Year, the grandkids came out in groups to earn their jobs. It's too cheap to be a boss. It's only $0.50 for a post, it's so expensive, they work day and night. It's too late, it's too late. I'm so worried about these ass-lickers. A strong appeal was made for a salary increase of $0.50 to enable them to remain loyal to their masters, to work hard and to be emotionally stable."
unknown_234,/ @ukn: / / @ukn: / / @ukn: / @ukn: / : @uWWBY03YP @ / uWBY03YP: : Please give a lead to someone who knows and understands
unknown_235,"It's too sad... / @uDSW4PDP: Mark Twain said that truth is often more absurd than fiction / @uQSMHPBZC: She's not dead! / @ukn: Ha ha, I laughed. Those inexplicable netizens also wanted to help her with the first seven. Hyah!"
unknown_238,"/ / @ukn: Can someone who's on a free vacation get back to work early, and @uUPXWDME: Should I be invited to dinner? But to thank you for reading our efforts, many people say we're turning over Da Vinci, we're not a public prosecutor's law or Da Vinci's public relations, and what are our qualifications and obligations to turn over a company? The only mission and right of the media as a social tool is to be a real society."
unknown_245,"I'd like to add... the most cunning casual worker -- the naked official, the mysterious temporary worker -- the most shameless casual worker. Rapes the most NB casual workers -- the most skilled MC casual workers -- the most lovely casual workers who sell guns. Mi-mi, the most frequently used part-time worker in the department - the driver's favorite part-timer - is a bed-time worker."
unknown_248,Underline activity ###2012 [heart] meeting new friends/hand-to-hand to pick strawberries/corresponding to New Year / Carnival around the Island [rabbit] campaign details (New Wave Blog) http://t.cn/SIIc1f [Panda] campaign registration (microbulation campaign) http://t.cn/SI6QM [Otman] has just been confirmed by one phone call: 41 people. This event is scheduled to take place and is open for consultation: 13424200545 (closing at 2400 hours on 31 December 2011)
unknown_255,Guo Fu-chung.
unknown_256,"RESPONSE @uM1UZIM2J: Views sharing / @uM1UZIM2J: There is a problem with education in China, learning only with merit, and everything else can be ignored. This is not just the responsibility of schools, teachers, parents, but, above all, the responsibility of the education authorities, whose batons are seen by society as a whole. / @uDSGGUNU: / / @uII5JGZPB:"
unknown_258,[Audience] [Cellphone]
unknown_296,/ @ukn: / / @ukn: / / / @uWYNCCR2: Helping with the early reunification of Xiaotao and his family.
unknown_317,Ctrl+C has become an ethnic style
unknown_327,Everyone is so beautiful! / @uRSRDYKCN:
unknown_330,#2012 #[Foots] / @uvt4CDTCT: Sian's folks! We have no idea... how powerful! [ Applause ] Do we have to go up there too? @ukn: @ukn: @uLCMKKUF4: @film 2012
unknown_338,[Camber] [ Warm Hat]
unknown_343,"/ @uII5JGZPB: / / @uM1U5NLCX: Response @u3FT5OL55: Mainstream primary education in the country is still in the Internet age, and the garbage is at its extreme, and the way it is tested has remained unchanged for decades, and what does it say about these two classes? / @u3FT5OL55: Canada has team work, coordination, etc. from primary school, compulsory volunteer work in secondary school, curriculum vitae highlighting level of speech, social activities, etc."
unknown_352,"A bad businessman and a bad mediaman have been involved in a rape! / @uPA3YSSCJ: All parties need to prove themselves by law, and it appears that the “Cultural Media Act” that began in early 2012! / @uB5N4E2XH: / / @uATZPZM2C: Not bad money!"
unknown_360,#2012 is here #ukn: [rabbit]
unknown_361,"Please wait, the leaders have been touching rocks across the river for decades ... is it easy?"
unknown_369,Hong Kong time has long been activated by the IA Caucus... peanut mode.
unknown_374,"And the Buddha said of the third. There is reward for good and evil, and there is reward for good, and there is reward for evil, and there is no failure."
unknown_379,"Schoolmates in the North have heating without changing water, and students in the South change water to increase the temperature of fermentation. @uCBTFCDZ: http://t.cn/hiF1s / @uWWBL0EF4: @uLCMTZYKT: / / @uHRVNMSGA: I usually do not change water, ferment 10 hours, one-time success. Is it cold in the south? Anyway, this is a successful yogurt!"
unknown_384,I'm using @uTZ5W43W4: #Video #iphone to play #Adult Three Killings Online Thermal #http://t.cn/SJhpZp (download software: http://t.cn/a0vSIF)
unknown_408,"The birth of October, the years of nursing, the years of shushing warmth, the years of education! Every meal, every dress, the warm touch of the mother, the deep tinkling of the mother, the eternal bond of the mother, the home of the mother. [heart]"
unknown_422,"/ @ukn: / / @uLMIYIFY2: / / @ukn: / / @uS5WCYA1A: . That's the director. There seems to be a real problem with others. The final design is in the name of their studio. Not at all. I really don't care how much money Hunanji is missing. The image of Zheng in one of his CDs only cost my friend $1,000 less than the cover of the story."
unknown_428,"For the sweet, poor doll."
unknown_430,What the hell?
unknown_437,"San asks his career with the word ""Wu"". It starts with one thing, and it looks like it's a peaceful business, and it looks like it's in the middle, and it's in the middle, and it's a hype, and it's a hype. It's a hysteria. It's a commercial community that fights, and it can't fight, it can't fight, it can fight, it's group power, it can fight, it's a one-stabbing horse, you don't want to do it in the future, you just pull a bow and shoot."
unknown_448,"Love is often very careful, as if in the hands of a crystal/@uZNJA4SDC: only love is the [pitiful] @mics story that one can't do alone."
unknown_449,Poor kid. / @u3515VRES: The story is not over! At the beginning! / @uZDQIEUCU: / @uBIDR2DV0: @u1OVUBYKR: / / @uRULW5V2: There's Sang-hwan. / @uVT4L4NCI: @uFALYR3M: / / @uSILDLW: : forward tweet
unknown_456,Never use your eyes to cry for the wrong person who hurt you.
unknown_459,Transmit it to Twitter.
unknown_461,Get your photo + details to: [Wolovenanaza:  @ukn:  @  @  @  @  @
unknown_462,[ Grunting ]
unknown_463,": Eighteen years ago, I had a bad habit of smoking, a good habit of milking. Now, I'm alive, my roommate's dead. Because in China, cigarettes are free of tobacco, milk is poison. @TopTopTide"
unknown_464,@U1OVXXXYC: Poor child
unknown_465,It's really hard for you to finish and delete. / @uVT4DYRFT: The industry says the child needs to calm down!
unknown_473,Let's forward it to the little boy!
unknown_475,"Leo is a fire-fired cyborg, and he is also very good at dropping and dropping, and he will never forget what he cares about himself, but he is not so careless or important. Moreover, they usually act with determination, and once they are involved in a job, even if they suddenly forget something, they do not stop what is being done, and they do everything in its entirety."
unknown_481,"/ @ukn: The gold mango thing, this is..."
unknown_487,[rabbits] / @uOQZCLVQ: Painful self-release. / @uS5WJYH5V: :transmit tweet
unknown_494,Dinner's ready. Excited.
unknown_504,/ @uTZ5HJYSG: Help forward! / / @uWWBLDVAV: Help this poor child to be reunited with his family @uAHFOWJQJ: / @uM1UHBIL: @uQHCZ4VDK: @uAHFOWJQJ: @Baby Home
unknown_507,I'm not that emotional. I just want to write a story. http://t.cn/Si7Y6V
unknown_512,"/ @uWWBYOFQ: The most important article in the book is @uR1WOGA5X: (calling by name) A critical piece written to me, about 10,000 words. / @uR1WOGA5X: Why don't you name it?"
unknown_520,Help. Good luck!
unknown_527,"For the first time since Beijing's restriction on the purchase of a garage, the revenue has exceeded $300 billion: http://t.cn/SJ3Y80. Those who know how this thing is being suppressed will not be so happy."
unknown_539,[Continues]
unknown_554,"The matter between the two persons must be the cause of both parties, and there can be no way that one side is distilled water and one side is ink. It is a rare case of greater influence, a high number of questions and video after a letter. I have hidden the events and the names, and I do not want to expand them. It is a matter of interest. Just technical analysis. If it's not right, I'll delete it."
unknown_562,A roar in the fury and you don't shake me! http://t.cn/SivDca
unknown_586,Please stay focused and forward!
unknown_589,What's going on? / @uPVDKT4D1: We applied for membership! We're in the middle of a project with hot horses!
unknown_592,This master is going to order! I will be the best student of my master!
unknown_600,It's better for both of them to come with me.
unknown_610,Help!
unknown_614,"/ @uZXK4SWV4: / / @ukn: / / @ukn: One more turn, one more hope!"
unknown_618,It's scary.
unknown_619,"@ukn: The micro-groups of ""Hong Kong, Hong Kong, Hong Kong, Hong Kong, Hong Kong, Hong Kong"" http://t.cn/aNTUnnN, and the introduction of beautiful children are all on the micro-blog, and there's a lot of contributions to the mailbox. [woolvenanazaza: @ukn: @ukn: @ukn: @ukn: @uPVDKRDSX: @ukn: @uAHFOPSET: @ukn: @ukn: @ukn: @ukn: @uDZT4KBVU: @Tia @Girl"
unknown_624,/ @uR1WGJ0IE: All-embracing microblogging / @uWWBGUPH4: : forwarding tweets
unknown_628,The Skating Breaker's Spectrum Jump http://t.cn/Sy1duK
unknown_633,"Poor thing, the kid doesn't understand what's going on with him! [Crying]"
unknown_651,"/ / @uR1WL5RWT: / / @uZXKFH4VB: / / @uWWBLDVAV: : Two hours after Weibo sent out, the microblog has been transmitted more than 2,000 times by the love of many celebrities and a wide range of netizens"
unknown_655,"Ideas are full, reality is cruel, truth is locked, corruption is naked! // @uHRVNSLYV: / / / / @ukn: Similarly, a foreign country says in the south that “a government, a society should be more caring for the poor and the poor should have equal rights. “The Government is the last hope of the poor, and poverty among the population is the worst thing for the Government. ""How much needed it to compare the tragic reality of illegal operations with temporary workers."
unknown_669,"It's been a day of depression in the hospital, and I'd like to find a place to get high tonight and let it go. Where to? All right, guys, come on out, wherever you want. I'll go to the time!"
unknown_680,"Guangdong has once again become a leader in the reform that liberal intellectuals have hoped for. At this time, the spirit of reform in Guangdong is not reflected in the courage to open up the Special Economic Zone, nor in the determination to accelerate market-based reform, nor to “scramble for birds”, but rather in the advancement of deeper administrative and social institutional reforms."
unknown_681,"Please forward, please help! Thank you!"
unknown_685,Seriously!
unknown_700,I've been in a panic for less than two months.
unknown_710,Come and learn from us!
unknown_712,"So I went to sleep and found out more than 1,300 times that I had been rounded because I was crying or crying. / / @ukn: Looks like we've known each other before Fan."
unknown_713,It's an old story that the country's people have taken advantage of the opportunity to profit.
unknown_719,"Paraphrasing: Recreational programmes help to stabilize societies to a certain extent, because in a society in transition, life is becoming more stressful and the public can use cultural entertainment to explain emotions and grievances. “The impact of new regulations on industry and people needs to be assessed. Without thorough consideration, policies may not achieve the ultimate desired results."
unknown_730,China’s reform faces eight major challenges.
unknown_750,"Learn, everyone. / @uB5FAZIH: / / @uQSMWRNJG: Really touching, full of truth, describing the past, the present and the future with humility, peace, and rational thinking! [Applause] @uUPW41GXL: : / / @uATZ4IZBW: : A hundred more years later, the billions of people who live in a normal society recall that the Republic of China was on Taiwan and will undoubtedly be grateful."
unknown_752,Forward
unknown_759,Access to cervical vertebrates http://t.cn/SiyI4g
unknown_779,"Source: We have a voter card, but we do not have the right to vote and be elected! / @uK3RZZQRS: / / / @uVGJLYLDZ: Jinyu is outside and losing inside"
unknown_786,Wait for you! Come on!
unknown_789,"I am proud that, after drinking the buffalo, Chinese babies have grown several times more resistant to cancer. I am proud that the world's most gentle people feed the world's largest civil servants. I am proud that less than 4 per cent of education funds have completed the education of the world's most populous people. I am proud. I am proud that when my own people are struggling on the subsistence line, they are supporting virtue in the image of the savior of the world economy."
unknown_796,♪ Turn around ♪
unknown_803,/ @ukn: / @uMLWNV2W: / @uHQYPU1UD: / @uONPBDZMK: / / @uLUCTU3YO: / / @uWWBLDV: : : / / / @uWBLDV: : : Help this poor child ~ Let him and his family join him soon/ / @uAHHFOWJQJJ: @ @uM1UHBIL: : @uQHCZ4VDK: @uAHFOWJJJJ: @Baby home
unknown_823,/ @uONPE1V2L: Turn / @uYC3QSR22: / @ukn: Turn Up! / @ukn: Help the good people. / @uCBTJLQHO: Help!
unknown_831,"/ @uP2ZKNHEX: The worst part of our education today is not only not to teach students how to be human, but to teach them how to be unfaithful."
unknown_836,"Train ticket network purchase is a technical issue, not a technical one."
unknown_841,It's great to see... I wish things were so big. / @uVEQW2Y00: What a relief to see! / / @uHJXSW0H5: This analysis is so open.
unknown_863,Vista look at the world: transmitting Twitter
unknown_871,"So, read @uS5WGHFE4: The Great Lose means more than xx!"
unknown_875,"I don't think I'm gonna hear it from you because... everything's changed, and you're just like me, not against each other, or you're gonna get angry."
unknown_878,Why isn't there a vote for General Superpower?
unknown_882,/ / /@u0YBIWRWA: @uCBTKZ1GN: @uMLLCD5AT: rights-based reading@ukn: brand reading@uSIALMQCR: Design reading@uDZPXUKMD: Looking for peers to read@uEMBIQW: / @u0U4SO0U / @uDSGGUNU: #Web reading guide @uM1UCL0GY: listening to the truth @uW0EJZN2: free lunch reading @uV4HP2MK: Accessing @uZXK2JJMA: Reform reading @uDEDEDDM3: Viewing @uG02DM3
